name,price
MSI Stealth 15M A11UEK-232VN (i7-11375H | 16GB | 512GB | GeForce RTX™ 3060 6GB | 15.6' FHD 144Hz | Win 10),41.990.000 ₫
[Trả góp 0%]Dell 7567 laptop khủng game Core i7 7700HQ ram 16g ssd 256G+1tb VGA GTX 1050TI 4GB màn 15.6 fhd ips,16.400.000 ₫
[Trả góp 0%] [SUPER SALE 21.09] Laptop Gaming Asus TUF FA506IU-AL127T (AMD R7-4800H/GTX1660Ti 6G/8GB RAM/512G SSD/15-inch FHD/WIN 10),26.642.050 ₫
"[Trả góp 0% nhập nguyên chiếc từ Mỹ]Dell XPS 9360, xps 9350 cao cấp độc đáo tinh tế gọn nhẹ ram 8 ssd256 màn ips cảm ứng 3k tặng cặp chuột quang bàn di",13.190.000 ₫
Laptop Apple MacBook Pro Touch 2020 i5 1.4GHz/8GB/256GB - MXK62 - SilverNhập Khẩu,29.799.000 ₫
"Laptop Apple Macbook Air M1 2020 (13.3""/8GB/512GB SSD/8-core GPU) - Hàng chính hãng - Màn hình 13.3inch Ram 8GB Ổ cứng SSD 512GB 8-Core GPU",31.098.000 ₫
"[MADE IN JAPAN] Fujitsu LIFEBOOK S762 13,3 inch Laptop Nhật Bản LAJAPA Laptop giá rẻ máy tính xách tay cũ laptop gaming cũ laptop core i5 cũ giá rẻ laptop cũ giá tốt nhất laptop văn phòng giải trí",3.780.000 ₫
Laptop Dell Latitude E5550 I7 5600 Vga rời,9.799.000 ₫
[HCM][Trả góp 0%]Macbook Air M1 2020 Ram 8GB/256GB Chính hãng Apple nguyên seal fullbox mới 100%,26.490.000 ₫
"Dell Inspiron 3443 chơi game + đồ họa bản vga rời siêu vip (i5-5200U, 4G, 128G, vga GeForce 820M-2g, 14.0inh HD)",7.800.000 ₫
Màn hình LCD Dell P2721Q/ 27 inch 4K/ USB Type C/ 3Yrs,10.533.060 ₫
Dell Inspiron 5402 i5-1135G7/ RAM 8GB/ SSD 512GB/ Intel Iris Xe Graphics/ 14 inch,17.990.000 ₫
[Trả góp 0%]Laptop Dell Latitude E7270 core i5 tặng cặp chuột add sẵn 2 phần mềm tienganh123 luyenthi123 bản quyền,7.479.000 ₫
[HCM][Trả góp 0%]Macbook Air M1 2020 13 inch 256GB Ram 8GB - bản  VN phân phối,27.490.000 ₫
[HCM]Bán Laptop Lenovo ThinkPad X240 siêu mỏng..!,6.499.000 ₫
"Dell latitude E6540 khủng long đồ họa i5-4300M , i7 4800QM ram 16g ssd256g+ 1tb VGA Radeon 8790M 2Gb MÀN 15.6 IN) laptop chuyên đồ họa",8.600.000 ₫
Máy tính Microsoft surface pro 5,10.799.000 ₫
[HCM]Laptop Dell Latitude E6440 hàng chuẩn usa,5.499.000 ₫
[HCM]Máy tính Macbook Air 2020 13inch 256GB Silver MWTK2 Mỹ No Box ACT online + Apple Care 4/2023,21.499.000 ₫
Laptop Lenovo ThinkPad X1 Yoga / Gen 1 / Màn 14 inch 2K / i7 6600 / RAM 8GB / SSD 256GB / Cảm ứng Xoay 360,15.499.000 ₫
"[Xả Hàng] Toshiba Dynabook R731 (Portege R830) Máy tính xách tay  Chíp i5 mạnh mẽ Laptop Gaming cũ giá rẻ Ổ SSD mới cho tốc độ xử lý nhanh trọng lượng máy nhẹ chỉ 1,3kg tiện dụng máy tín",3.280.000 ₫
[HCM]Laptop Dell Latitude 7240 Màn hình 12.5 nhỏ gọn.,6.899.000 ₫
[HCM]Bán Dell Latude E7250!!!,6.142.700 ₫
Laptop văn phòng học tập giải trí,2.650.000 ₫
[HCM]Macbook Pro 13 inch 2020 Quad Core I5 1.4Ghz 8GB 256GB - MXK32 - GrayNhập Khẩu,31.499.000 ₫
"Laptop cũ Panasonic cf-nx2 core i5 3320m ram 4g HDD 250 12 inch, cam kết hàng đúng mô tả, chất lượng đảm bảo an toàn đến sức khỏe người sử dụng, đa dạng mẫu mã, màu sắc, kích cỡ",5.796.000 ₫
[HCM]Laptop Dell Latitude E7240 Siêu mỏng Hàng mỹ..!,5.799.000 ₫
[HCM]Laptop Dell Latitude E6440 Hàng chuẩn USA,5.899.000 ₫
Laptop Thinkpad e450 core i5 4210u ram 4g sSD128 card rời cam kết hàng đúng mô tả chất lượng đảm bảo an toàn đến sức khỏe người sử dụng đa dạng mẫu mã màu sắc kích cỡ,8.694.000 ₫
MacBook Pro 13.3 inches Touch Bar M1 Chipset (8GB / 16GB - 256GB / 512GB) - HÀNG CHÍNH HÃNG,30.489.000 ₫
[HCM]Lenovo Thinkpad T450,7.195.000 ₫
Laptop Dell latitude E6420 Core i5 2520M Ram 4G ổ cứng HDD 250G or SSD 128G cực khỏe chơi gameVPgiải trí,6.210.000 ₫
"[HCM]MacBook Pro 2020 - model MXK32 13""inch 256GB Touch Bar - Core i5",25.499.000 ₫
[HCM]Laptop Dell Latitude E6540 hàng chuẩn Usa.,7.199.000 ₫
MacBook Pro 13.3 inches Touch Bar M1 Chipset (8GB / 16GB - 256GB / 512GB) - HÀNG CHÍNH HÃNG,48.940.000 ₫
MacBook Air 13.3 inches M1 Chipset (8GB / 16GB - 256GB / 512GB) - HÀNG CHÍNH HÃNG,43.200.000 ₫
"Laptop sinh viên, văn phòng, giải trí , học tập",2.600.000 ₫
"Laptop 2in1 Asus T100, Nhỏ gọn thích hợp văn phòng làm việc",2.690.000 ₫
"Laptop Nhật Bản FUJISU LifeBook U772 Core i5-3437U, 4gb ram, SSD 128gb, màn 14inch HD vỏ nhôm siêu mỏng",6.000.000 ₫
AMAZINGHOLIDAY Phụ kiện máy tính xách tay Máy vi tính Silicone mềm Chống bụi Không thấm nước 12-14 inch Bộ bảo vệ vỏ bàn phím Vỏ máy tính xách tay Da bàn phím Phim bàn phím,24.000 ₫
